name ,address,county,borough,zipcode
Bronx Criminal Court,215 East 161st Street,Bronx,BX,10451
Kings Criminal Court,120 Schermerhorn Street,Kings,BK,11201
Midtown Community Court,314 West 54th Street,New York,MN,10019
New York Criminal Court,100 Centre Street,New York,MN,10013
Queens Criminal Court,125-01 Queens Boulevard,Queens,QN,11417
Red Hook Community Justice Center,88-94 Visitation Place,Kings,BK,11231
Richmond Criminal Court,26 Central Avenue,Richmond,SI,10301
Bronx Criminal Court (Summons Court),215 East 161st Street,Bronx,BX,10451
Kings Criminal Court (Summons Court ),1 Centre Street,New York,MN,10007
The Midtown Community Court (Summons Court),314 West 54th Street,New York,MN,10019
New York Criminal Court (Summons Court) ,1 Centre Street,New York,MN,10007
Queens Criminal Court (Summons Court),125-01 Queens Boulevard,Queens,QN,11417
Red Hook Community Justice Center (Summons Court),88-94 Visitation Place,Kings,BK,11231
Richmond Criminal Court (Summons Court),26 Central Avenue,Richmond,SI,10301
